{
  "fx": 602.2687377929688,
  "fy": 601.6963500976562,
  "ppx": 316.1661376953125,
  "ppy": 247.88092041015625,
  "width": 640,
  "height": 480,
  "depth_scale": 0.0010000000474974513
}